Date,Headline
12/18/2022,Insiders pour millions into these 3 stocks â€” this is what makes them attractive buys
12/14/2022,"Wednesday 12/14 Insider Buying Report: SOFI, WWW"
12/9/2022,Why Is Wolverine (WWW) Down 14.2% Since Last Earnings Report?
12/8/2022,Wolverine World Wide Begins Process To Divest Or License Keds And Wolverine Leathers
11/10/2022,"Wolverine (WWW) Q3 Earnings Miss Estimates, Revenues Rise Y/Y"
11/9/2022,Why Wolverine World Wide Stock Was Down Over 20% on Wednesday
11/9/2022,"Consumer Sector Update for 11/09/2022: WWW, SEAS, PFGC, XLP, XLY"
11/9/2022,Wolverine World Wide (WWW) Q3 Earnings and Revenues Miss Estimates
11/9/2022,Wolverine Worldwide Reorganizes Portfolio Of Brands Into Three Reportable Segments
11/9/2022,Wolverine World Wide Q3 Earnings Summary
11/8/2022,Wolverine (WWW) Lined Up for Q3 Earnings: What's in the Cards?
10/27/2022,Deckers (DECK) Q2 Earnings and Revenues Surpass Estimates
10/25/2022,Skechers (SKX) Lags Q3 Earnings Estimates
10/3/2022,Skechers' (SKX) Omnichannel Initiatives Appear Robust
10/2/2022,"Is Wolverine World Wide, Inc.'s (NYSE:WWW) 18% ROE Better Than Average?"
09/28/2022,"Ex-Dividend Reminder: Andersons, Wolverine World Wide and Choice Hotels International"
09/23/2022,Wolverine World Wide is Oversold
09/9/2022,Why Is Wolverine (WWW) Down 16% Since Last Earnings Report?
09/6/2022,Is the Options Market Predicting a Spike in Wolverine (WWW) Stock?
08/26/2022,"At US$21.46, Is Wolverine World Wide, Inc. (NYSE:WWW) Worth Looking At Closely?"
08/15/2022,Kosovo starts power cuts as a result of energy crisis
08/13/2022,Validea Peter Lynch Strategy Daily Upgrade Report - 8/13/2022
08/11/2022,"Wolverine (WWW) Q2 Earnings Beat Estimates, Revenues Rise Y/Y"
08/10/2022,Wolverine World Wide (WWW) Tops Q2 Earnings Estimates
08/10/2022,Wolverine World Wide Q2 Income Climbs
08/8/2022,Wolverine (WWW) Readies for Q2 Earnings: What to Expect
08/3/2022,Analysts Estimate Wolverine World Wide (WWW) to Report a Decline in Earnings: What to Look Out for
08/2/2022,Analysts See 17% Gains Ahead For The Holdings of DSI
07/29/2022,Carter's (CRI) Lags Q2 Earnings and Revenue Estimates
07/27/2022,Steven Madden (SHOO) Beats Q2 Earnings and Revenue Estimates
07/26/2022,Skechers (SKX) Q2 Earnings and Revenues Top Estimates
07/21/2022,Capital Allocation Trends At Wolverine World Wide (NYSE:WWW) Aren't Ideal
06/28/2022,"Ex-Dividend Reminder: Wolverine World Wide, Philip Morris International and Franchise Group"
06/27/2022,Deckers (DECK) Stock Jumps 4.8%: Will It Continue to Soar?
06/14/2022,Wolverine's (WWW) Brands & E-Commerce Aid Customer Wins
06/10/2022,Wolverine (WWW) Up 21.8% Since Last Earnings Report: Can It Continue?
05/12/2022,"Wolverine (WWW) Q1 Earnings Beat Estimates, Revenues Rise Y/Y"
05/11/2022,Wolverine World Wide (WWW) Beats Q1 Earnings and Revenue Estimates
05/10/2022,"Pre-Market Earnings Report for May 11, 2022 : ICL, PFGC, PRGO, YETI, WEN, NOMD, KRNT, FVRR, WWW, EXK, MCFT, PRTH"
05/10/2022,Wolverine (WWW) Queued Up for Q1 Earnings: What's in Store?
05/8/2022,"Wolverine World Wide, Inc. Shares Approach 52-Week Low - Market Mover"
05/6/2022,Wolverine World Wide is Oversold
04/29/2022,Carter's (CRI) Surpasses Q1 Earnings and Revenue Estimates
04/27/2022,Steven Madden (SHOO) Beats Q1 Earnings and Revenue Estimates
04/26/2022,Skechers (SKX) Surpasses Q1 Earnings and Revenue Estimates
04/19/2022,Why Wolverine World Wide (WWW) is a Top Growth Stock for the Long-Term
04/14/2022,Interesting WWW Put And Call Options For December 16th
03/29/2022,"Ex-Dividend Reminder: Wolverine World Wide, Ralph Lauren and Keurig Dr Pepper"
03/25/2022,Wolverine (WWW) Down 2% Since Last Earnings Report: Can It Rebound?
03/17/2022,Interesting WWW Call Options For May 20th
03/17/2022,Surprising Analyst 12-Month Target For IEDI
03/3/2022,"American Eagle (AEO) Q4 Earnings In Line, Freight Costs Hurt"
03/2/2022,"Dollar Tree (DLTR) Q4 Earnings Beat Estimates, Sales Lag"
03/2/2022,Nordstrom (JWN) Rises as Q4 Earnings & Revenues Beat Estimates
03/1/2022,Wolverine World Wide Becomes Oversold (WWW)
02/25/2022,"Wolverine (WWW) Q4 Earnings Meet Estimates, Revenues Rise Y/Y"
02/23/2022,Wolverine World Wide (WWW) Q4 Earnings Meet Estimates
02/23/2022,Wolverine World Wide Q4 Adj. Profit Rises; Revenue Up 9.4% Excl. Sweaty Betty
02/21/2022,Hibbett (HIBB) Issues Q4 Business Update & FY23 Guidance
02/18/2022,Wolverine (WWW) Queued Up for Q4 Earnings: What's in Store?
02/16/2022,Rite Aid (RAD) Dips 21.6% in Three Months: Can It Bounce Back?
02/14/2022,"Capri Holdings (CPRI) Gaining on Brand Strength, Growth Plans"
02/14/2022,WWW or NKE: Which Is the Better Value Stock Right Now?
02/13/2022,Wolverine World Wide (NYSE:WWW) Has Affirmed Its Dividend Of US$0.10
02/11/2022,"Under Armour (UAA) Q4 Earnings Beat, Revenues Increase Y/Y"
02/10/2022,"Tapestry (TPR) Beats on Q2 Earnings, Lifts FY22 Outlook"
02/9/2022,"Possible bearish signals as Wolverine World Wide, Inc. (NYSE:WWW) insiders disposed of US$4.9m worth of stock"
02/7/2022,"Wolverine World Wide, Inc. Shares Approach 52-Week Low - Market Mover"
02/4/2022,"Lionsgate (LGF.A) Q3 Earnings Lag Estimates, Revenues Rise Y/Y"
02/4/2022,"Deckers' (DECK) Q3 Earnings Beat, HOKA Brand Shows Strength"
02/2/2022,"Capri Holdings (CPRI) Beats on Q3 Earnings, Raises FY22 View"
02/2/2022,"Zacks Industry Outlook Highlights: Skechers U.S.A., Inc., Steven Madden, Wolverine World Wide, Inc., Caleres and Rocky Brands"
02/1/2022,5 Shoes & Retail Apparel Stocks to Own Amid Positive Industry Trends
01/26/2022,"Deckers' (DECK) Omni-Channel Efforts, Brand Strength Bode Well"
01/13/2022,"Wolverine World Wide, Inc. Shares Approach 52-Week Low - Market Mover"
01/13/2022,"Down 11.9% in 4 Weeks, Here's Why You Should You Buy the Dip in Wolverine (WWW)"
01/12/2022,"Wolverine (WWW) May Find a Bottom Soon, Here's Why You Should Buy the Stock Now"
01/10/2022,Relative Strength Alert For Wolverine World Wide
12/30/2021,"Wolverine World Wide, Inc. (WWW) Ex-Dividend Date Scheduled for December 31, 2021"
12/26/2021,Here's Why We're Wary Of Buying Wolverine World Wide's (NYSE:WWW) For Its Upcoming Dividend
12/24/2021,Wolverine World Wide (NYSE:WWW) Has Re-Affirmed Its Dividend Of US$0.10
12/14/2021,Wolverine World Wide (NYSE:WWW) Has Some Way To Go To Become A Multi-Bagger
11/10/2021,Wolverine World Wide Inc (WWW) Q3 2021 Earnings Call Transcript
11/10/2021,Wolverine World Wide Posts Breakeven In Q3; Cuts FY21 Earnings View Below Market
10/27/2021,These 4 Measures Indicate That Wolverine World Wide (NYSE:WWW) Is Using Debt Reasonably Well
09/29/2021,"Wolverine World Wide, Inc. (WWW) Ex-Dividend Date Scheduled for September 30, 2021"
09/28/2021,"Ex-Dividend Reminder: Trinseo, Andersons and Wolverine World Wide"
09/21/2021,Wolverine World Wide Stock To Rebound After An 8% Decline?
09/16/2021,WWW November 19th Options Begin Trading
09/10/2021,Carlyle revives $1.2 bln sale of lingerie firm Hunkemoller - sources
09/8/2021,Wolverine World Wide's (NYSE:WWW) Dividend Will Be US$0.10
09/8/2021,WWW Crosses Below Key Moving Average Level
08/12/2021,Adidas sells Reebok to Authentic Brands for $2.5 bln
08/12/2021,Adidas sells Reebok to Authentic Brands for $2.5 bln
08/10/2021,7 Consumer Discretionary Stocks to Buy That Are Booking Record Profits
08/3/2021,Wolverine World Wide Acquires Activewear Brand Sweaty Betty For $410 Mln In Cash - Quick Facts
07/30/2021,Wolverine World Wide Inc (WWW) Q2 2021 Earnings Call Transcript
07/29/2021,"Notable Thursday Option Activity: WWW, JOE, FDX"
07/29/2021,Wolverine Swings To Profit In Q2 On A Surge In Revenue
07/26/2021,Wolverine World Wide (WWW) Shares Cross Above 200 DMA
07/21/2021,"Have Insiders Been Selling Wolverine World Wide, Inc. (NYSE:WWW) Shares This Year?"
07/1/2021,Adidas shortlists bidders in Reebok sale -sources
06/29/2021,"Wolverine World Wide, Inc. (WWW) Ex-Dividend Date Scheduled for June 30, 2021"
06/28/2021,"Ex-Dividend Reminder: Winpak, Keurig Dr Pepper and Wolverine World Wide"
06/18/2021,Wolverine World Wide Enters Oversold Territory (WWW)
06/7/2021,Wolverine World Wide Reaffirms FY21 Revenue Outlook
06/6/2021,Wolverine World Wide (NYSE:WWW) Will Pay A Dividend Of US$0.10
05/18/2021,Wolverine World Wide (NYSE:WWW) Has Some Difficulty Using Its Capital Effectively
05/12/2021,Wolverine World Wide Inc (WWW) Q1 2021 Earnings Call Transcript
05/12/2021,"Consumer Sector Update for 05/12/2021: WEN, DFH, WWW, XLP, XLY"
05/12/2021,Wolverine World Wide Q1 Profit Surges
05/5/2021,"Adidas launches Reebok auction, China row may dent Asian interest -sources"
04/15/2021,Interesting WWW Put And Call Options For December 17th
04/12/2021,WWW Crosses Above Average Analyst Target
03/30/2021,"Wolverine World Wide, Inc. (WWW) Ex-Dividend Date Scheduled for March 31, 2021"
02/25/2021,Wolverine World Wide Inc (WWW) Q4 2020 Earnings Call Transcript
02/25/2021,Wolverine World Wide Guides FY21 Adj. EPS Below Estimates - Quick Facts
12/30/2020,"Wolverine World Wide, Inc. (WWW) Ex-Dividend Date Scheduled for December 31, 2020"
11/25/2020,Wolverine World Wide Reaches Analyst Target Price
11/13/2020,Analysts Forecast 10% Gains Ahead For The Holdings of SLY
11/5/2020,Wolverine World Wide Inc (WWW) Q3 2020 Earnings Call Transcript
11/5/2020,Wolverine World Wide Q3 Profit Down
09/29/2020,"Wolverine World Wide, Inc. (WWW) Ex-Dividend Date Scheduled for September 30, 2020"
08/5/2020,Wolverine World Wide Inc (WWW) Q2 2020 Earnings Call Transcript
08/5/2020,"BUZZ-U.S. STOCKS ON THE MOVE-BigCommerce, Reynolds Consumer Products, Sempra Energy, Professional Diversity Network"
08/5/2020,"BUZZ-U.S. STOCKS ON THE MOVE-Oasis Petroleum, Humana, Triumph Group, Teladoc Health"
06/5/2020,Bullish Two Hundred Day Moving Average Cross - WWW
06/5/2020,WWW Crosses Above Average Analyst Target
04/23/2020,Wolverine World Wide (WWW) Q1 2020 Earnings Call Transcript
04/22/2020,"Wolverine World Wide Q1 Adj. EPS Tops View, But Revenues Miss - Quick Facts"
04/2/2020,Validea Peter Lynch Strategy Daily Upgrade Report - 4/2/2020
03/31/2020,Wolverine World Wide Enters Oversold Territory (WWW)
03/27/2020,"Ex-Dividend Reminder: Wolverine World Wide, Ingredion and Comcast"
03/19/2020,Validea Peter Lynch Strategy Daily Upgrade Report - 3/19/2020
03/3/2020,Analysts Anticipate 11% Upside For UGE
02/25/2020,Wolverine World Wide (WWW) Q4 2019 Earnings Call Transcript
02/25/2020,Wolverine World Wide Breaks Below 200-Day Moving Average - Notable for WWW
02/25/2020,"Wolverine World Wide Q4 Adj. Earnings Beat View, But Revenues Miss"
02/13/2020,Buy the Smackdown in World Wrestling Entertainment Stock
01/14/2020,The Best Small-Cap Mutual Funds to Buy in 2020
12/23/2019,Wolverine World Wide Reaches Analyst Target Price
11/8/2019,"Consumer Sector Update for 11/08/2019: WWW,YELP,STMP,LPSN"
11/8/2019,Wolverine World Wide (WWW) Q3 2019 Earnings Call Transcript
11/7/2019,Bullish Two Hundred Day Moving Average Cross - WWW
11/7/2019,Wolverine World Wide Lowers FY19 Earnings Outlook - Quick Facts
11/4/2019,"Daily Dividend Report: PCB, PRGO, CBSH, WWW, KOS"
09/24/2019,Wolverine World Wide Might Actually Be a Safe Bet in Retail
08/15/2019,Wolverine World Wide Enters Oversold Territory
08/7/2019,Wolverine World Wide (WWW) Q2 2019 Earnings Call Transcript
08/7/2019,Wolverine World Wide Updates FY19 Outlook - Quick Facts
06/10/2019,Peek Under The Hood: EZM Has 17% Upside
06/7/2019,7 Stocks to Buy As They Hit 52-Week Lows
05/15/2019,7 Stocks to Buy that Lost 10% Last Week
05/15/2019,2 Dividend Stocks That Are Way More Productive Than AT&T Stock
05/10/2019,Wolverine World Wide (WWW) Q1 2019 Earnings Call Transcript
05/9/2019,Wolverine World Wide Reaffirms FY19 Outlook - Quick Facts
03/28/2019,"Wolverine World Wide, Inc. (WWW) Ex-Dividend Date Scheduled for March 29, 2019"
03/27/2019,"Ex-Dividend Reminder: Ingredion, Wolverine World Wide and Andersons"
02/21/2019,Wolverine (WWW) Stock Declines 11% Despite Q4 Earnings Beat
02/20/2019,"Consumer Sector Update for 02/20/2019: CVS, WWW, SAH, WMT, MCD, DIS, KO"
02/20/2019,Wolverine World Wide (WWW) Tops Q4 Earnings Estimates
02/20/2019,"Consumer Sector Update for 02/20/2019: WWW,TAST,GTX,CVS"
02/20/2019,Wolverine World Wide Inc (WWW) Q4 2018 Earnings Conference Call Transcript
02/18/2019,Factors Setting the Tone for Wolverine's (WWW) Q4 Earnings
02/18/2019,Here's Why Deckers (DECK) Looks Promising Post Q3 Earnings
02/14/2019,Wolverine World Wide Reaches Analyst Target Price
02/13/2019,Wolverine World Wide (WWW) Earnings Expected to Grow: What to Know Ahead of Next Week's Release
02/13/2019,Wolverine (WWW) Up on Dividend Hike and Share Buyback Plan
02/4/2019,Wolverine World Wide Breaks Above 200-Day Moving Average - Bullish for WWW
01/22/2019,Sum Up The Parts: IYK Could Be Worth $126
01/2/2019,Can Growth Endeavors Aid Wolverine's (WWW) Revival in 2019?
12/28/2018,"Wolverine World Wide, Inc. (WWW) Ex-Dividend Date Scheduled for December 31, 2018"
12/27/2018,"Ex-Dividend Reminder: Wolverine World Wide, Ingredion and Huazhu Group"
12/24/2018,iShares S&P Small-Cap 600 Value ETF Experiences Big Inflow
12/18/2018,We Did The Math IYK Can Go To $128
12/7/2018,Wolverine (WWW) Up 1% Since Last Earnings Report: Can It Continue?
12/5/2018,"Wolverine's Growth Global Agenda Strong, Sales Trend Weak"
11/12/2018,iShares S&P Small-Cap 600 Value ETF Experiences Big Outflow
11/8/2018,"Wolverine World Wide (WWW) Beats on Q3 Earnings, Raises View"
11/7/2018,Wolverine World Wide (WWW) Q3 Earnings Top Estimates
10/31/2018,"Noteworthy Wednesday Option Activity: FEYE, WWW, AIG"
10/23/2018,WWW Crosses Below Key Moving Average Level
10/15/2018,3 Factors Likely to Keep World Wrestling (WWE) on Growth Track
10/15/2018,Will Product Innovations Drive Snap-on's (SNA) Q3 Earnings?
10/15/2018,WWW or NKE: Which Is the Better Value Stock Right Now?
10/10/2018,Here's Why Investors Should Bet on Deckers (DECK) Stock Now
10/4/2018,Oversold Conditions For Wolverine World Wide (WWW)
10/2/2018,"IJS, SR, WWW, ENDP: ETF Outflow Alert"
09/28/2018,"Wolverine's Initiatives on Track, Stock Up 36% in 6 Months"
09/27/2018,4 Top-Ranked Stocks to Ride the Consumer Confidence Wave
09/27/2018,WWW or SHOO: Which Is the Better Value Stock Right Now?
09/27/2018,"Wolverine World Wide, Inc. (WWW) Ex-Dividend Date Scheduled for September 28, 2018"
09/26/2018,"NIKE (NKE) Q1 Earnings and Sales Top, FX Woes Hurt Stock"
09/20/2018,Deckers (DECK) Deserves a Place in Your Portfolio: Here's Why
09/11/2018,WWW vs. SHOO: Which Stock Is the Better Value Option?
09/7/2018,"IJS, CACI, SR, WWW: ETF Inflow Alert"
09/5/2018,"World Wrestling (WWE) Packs a Punch, Hits a 52-Week High"
08/30/2018,"Nike, Inc. (NKE) Ex-Dividend Date Scheduled for August 31, 2018"
08/28/2018,Steven Madden Up 29% in Six Months: Will it Scale Higher?
08/24/2018,WWW or SHOO: Which Is the Better Value Stock Right Now?
08/17/2018,Does Skechers' 6-Month Fall of 25% Signal More Trouble Ahead?
08/14/2018,Deckers' Strategies Aid Growth: Stock Up 25% in 6 Months
08/9/2018,"Wolverine World Wide (WWW) Beats on Q2 Earnings, Guides Up"
08/8/2018,"Wolverine World Wide, Inc. (WWW) Q2 2018 Earnings Conference Call Transcript"
08/7/2018,Is a Beat in the Cards for Wolverine (WWW) in Q2 Earnings?
08/7/2018,Is a Surprise Coming for Wolverine World Wide (WWW) This Earnings Season?
07/20/2018,"Skechers (SKX) Crashes on Q2 Earnings Miss, Bleak View"
07/19/2018,"Snap-on (SNA) Q2 Earnings Surpass Estimates, Sales Up Y/Y"
07/17/2018,"Carter's (CRI) Launches Carter's KID, Boosts Retail Strategy"
07/10/2018,Steven Madden Trades Above Industry for 3 Months: Here's Why
07/9/2018,"Deckers Banks on Omni-Channel Expansion, Strategic Plans"
06/29/2018,"NIKE's (NKE) North America Unit Drives Q1 Earnings, Stock Up"
06/28/2018,"Wolverine World Wide, Inc. (WWW) Ex-Dividend Date Scheduled for June 29, 2018"
06/25/2018,"Noteworthy Monday Option Activity: CHRS, ANET, WWW"
06/18/2018,Shoes & Retail Apparel Stock Outlook: FIFA World Cup Sets the Tone
06/12/2018,"IJS, CACI, PDCE, WWW: Large Inflows Detected at ETF"
05/7/2018,Monday's ETF with Unusual Volume: IYK
05/7/2018,Add Up The Pieces: VBR Could Be Worth $144
03/29/2018,"The Zacks Analyst Blog Highlights: Deckers, Malibu, Guess', Time Warner and Wolverine"
03/28/2018,"Wolverine World Wide, Inc. (WWW) Ex-Dividend Date Scheduled for March 29, 2018"
03/28/2018,The White House Confirms Economy is Firming Up: Top 5 Gainers
03/27/2018,"Ex-Dividend Reminder: Wolverine World Wide, Ingredion and Arcos Dorados Holdings"
03/22/2018,"Rocky Brands (RCKY) Soars to a 52-Week High, Time to Cash Out?"
03/20/2018,Deckers Store-Fleet Optimization Plan & Cost Savings on Track
05/7/2018,Monday's ETF with Unusual Volume: IYK
05/7/2018,Add Up The Pieces: VBR Could Be Worth $144
03/29/2018,"The Zacks Analyst Blog Highlights: Deckers, Malibu, Guess', Time Warner and Wolverine"
03/28/2018,"Wolverine World Wide, Inc. (WWW) Ex-Dividend Date Scheduled for March 29, 2018"
03/28/2018,The White House Confirms Economy is Firming Up: Top 5 Gainers
03/27/2018,"Ex-Dividend Reminder: Wolverine World Wide, Ingredion and Arcos Dorados Holdings"
03/22/2018,"Rocky Brands (RCKY) Soars to a 52-Week High, Time to Cash Out?"
03/20/2018,Deckers Store-Fleet Optimization Plan & Cost Savings on Track
02/21/2018,"Consumer Sector Update for 02/21/2018: RCII,WWW,AAP,RUTH"
02/21/2018,"Consumer Sector Update for 02/21/2018: WWW,AAP,RUTH"
02/20/2018,Factors Setting the Tone for L Brands (LB) in Q4 Earnings
02/19/2018,5 Top Stocks With Earnings Beat Potential to Bet On
02/9/2018,"IJS, CACI, WWW, KS: ETF Outflow Alert"
01/2/2018,Columbia Sportswear Up 23% in a Year: Can Momentum Sustain?
01/2/2018,Burlington Stores Touches 52-Week High: Can it Surge Higher?
01/2/2018,Can Deckers & Wolverine Soar Even Higher Post a 52-Week High?
12/28/2017,"Wolverine World Wide, Inc. (WWW) Ex-Dividend Date Scheduled for December 29, 2017"
12/28/2017,Will Deckers Continue to Cruise Ahead of Industry in 2018?
12/27/2017,"Ex-Dividend Reminder: Wolverine World Wide, Ingredion and Choice Hotels International"
12/26/2017,Iconix Brand Group (ICON) Posts In-Line Q3 Earnings & Sales
12/22/2017,NIKE (NKE) Q2 Earnings Top Despite Softness in North America
12/19/2017,Wolverine World Wide Reaches Analyst Target Price
12/18/2017,Stocks Showing Rising Market Leadership: Wolverine World Wide Earns 83 RS Rating
12/7/2017,Wolverine World Wide Shows Rising Relative Price Performance; Still Shy Of Key Benchmark
11/30/2017,"Nike, Inc. (NKE) Ex-Dividend Date Scheduled for December 01, 2017"
11/30/2017,Wolverine World Wide Getting Closer To Key Technical Benchmark
11/20/2017,Stocks Showing Improved Relative Strength: Wolverine World Wide
11/15/2017,Wolverine World Wide Sees RS Rating Climb To 75
11/6/2017,Can Adidas (ADDYY) Manage to Beat Earnings Again in Q3?
10/20/2017,"Notable Friday Option Activity: NOW, BLKB, WWW"
10/13/2017,"Zacks.com featured highlights: Wolverine World Wide, CGI Group and Scorpio Bulkers"
10/12/2017,3 of the Best Earnings Acceleration Stocks to Buy
10/9/2017,What's Behind NIKE's (NKE) Decline of 10.8% in Three Months?
10/3/2017,Wolverine World Wide Shows Market Leadership With Jump To 81 RS Rating
09/28/2017,Wolverine World Wide Reaches Analyst Target Price
09/28/2017,"Wolverine World Wide, Inc. (WWW) Ex-Dividend Date Scheduled for September 29, 2017"
09/27/2017,"Ex-Dividend Reminder: Wolverine World Wide, Ingredion and Tootsie Roll Industries"
09/27/2017,"NIKE (NKE) Stock Dips Despite Q1 Earnings & Sales Beat, Why?"
08/30/2017,"Nike, Inc. (NKE) Ex-Dividend Date Scheduled for August 31, 2017"
08/29/2017,Is Wolverine World Wide (WWW) a Great Stock for Value Investors?
06/29/2017,WWW Crosses Above Average Analyst Target
06/28/2017,"Wolverine World Wide, Inc. (WWW) Ex-Dividend Date Scheduled for June 29, 2017"
05/31/2017,"Nike, Inc. (NKE) Ex-Dividend Date Scheduled for June 01, 2017"
05/11/2017,Wolverine World Wide Reaches Analyst Target Price
05/10/2017,Firing Of FBI Director James Comey
05/10/2017,"Trump Fires FBI Director Comey, Markets Hold Steady"
05/9/2017,Why Earnings Season Could Be Great for Wolverine World Wide (WWW)
05/9/2017,SodaStream International (SODA) Q1 Earnings: What's in Store?
05/1/2017,Central Garden & Pet (CENT) Q2 Earnings: What's in Store?
04/26/2017,Sony (SNE) to Report Q4 Earnings: Surprise in the Cards?
04/1/2017,5 Top Dividend Stocks in the Footwear Industry
03/29/2017,"Wolverine World Wide, Inc. (WWW) Ex-Dividend Date Scheduled for March 30, 2017"
03/24/2017,Wolverine World Wide Reaches Analyst Target Price
03/1/2017,"Nike, Inc. (NKE) Ex-Dividend Date Scheduled for March 02, 2017"
02/21/2017,Interesting WWW Put And Call Options For October 20th
02/21/2017,Marriott Vacations (VAC) Q4 Earnings: What's in the Cards?
02/20/2017,"What's in the Cards for Strum, Ruger (RGR) in Q4 Earnings?"
02/7/2017,"Consumer Sector Update for 02/07/2017: WWW,ABG,KORS"
12/27/2016,"Ex-Dividend Reminder: FirstService, Colliers International Group and Wolverine World Wide"
12/27/2016,"Wolverine World Wide, Inc. (WWW) Ex-Dividend Date Scheduled for December 28, 2016"
11/30/2016,"Nike, Inc. (NKE) Ex-Dividend Date Scheduled for December 01, 2016"
11/15/2016,WWW Crosses Above Average Analyst Target
10/19/2016,"Wolverine World Wide (WWW) Q3 Earnings Top, Sales Lag"
10/14/2016,Wolverine World Wide (WWW) Q3 Earnings: What's in Store?
10/12/2016,Rent-A-Center Stock Tumbles on Bleak Q3 Preliminary Results
09/28/2016,Done with Nike (NKE)? 3 Apparel Stocks with More Room to Run
09/28/2016,"Wolverine World Wide, Inc. (WWW) Ex-Dividend Date Scheduled for September 29, 2016"
09/13/2016,Wolverine World Wide is Now Oversold (WWW)
08/31/2016,"Nike, Inc. (NKE) Ex-Dividend Date Scheduled for September 01, 2016"
08/5/2016,"Iconix (ICON) Q2 Earnings Beat, Sales In Line, Stock Falls"
07/29/2016,"Deckers (DECK) Q1 Loss Narrower than Expected, Sales Beat"
07/25/2016,"Apparel Stocks' Q2 Earnings Queued Up for Jul 26: UA, WWW"
10/12/2016,Rent-A-Center Stock Tumbles on Bleak Q3 Preliminary Results
09/28/2016,Done with Nike (NKE)? 3 Apparel Stocks with More Room to Run
09/28/2016,"Wolverine World Wide, Inc. (WWW) Ex-Dividend Date Scheduled for September 29, 2016"
09/13/2016,Wolverine World Wide is Now Oversold (WWW)
08/31/2016,"Nike, Inc. (NKE) Ex-Dividend Date Scheduled for September 01, 2016"
08/5/2016,"Iconix (ICON) Q2 Earnings Beat, Sales In Line, Stock Falls"
07/29/2016,"Deckers (DECK) Q1 Loss Narrower than Expected, Sales Beat"
07/25/2016,"Apparel Stocks' Q2 Earnings Queued Up for Jul 26: UA, WWW"
03/21/2016,May 20th Options Now Available For Wolverine World Wide (WWW)
02/22/2016,Interesting WWW Put And Call Options For April 15th
02/19/2016,Wolverine World Wide (WWW) Q4 Earnings: What's Up?
01/8/2016,Relative Strength Alert For Wolverine World Wide
12/29/2015,"Wolverine World Wide, Inc. (WWW) Ex-Dividend Date Scheduled for December 30, 2015"
10/19/2015,Wolverine World Wide (WWW) Q3 Earnings: What to Expect?
10/4/2015,Why Wolverine World Wide Inc. Stock Slumped 20% in September
09/28/2015,"Wolverine World Wide, Inc. (WWW) Ex-Dividend Date Scheduled for September 29, 2015"
03/21/2016,May 20th Options Now Available For Wolverine World Wide (WWW)
02/22/2016,Interesting WWW Put And Call Options For April 15th
02/19/2016,Wolverine World Wide (WWW) Q4 Earnings: What's Up?
01/8/2016,Relative Strength Alert For Wolverine World Wide
12/29/2015,"Wolverine World Wide, Inc. (WWW) Ex-Dividend Date Scheduled for December 30, 2015"
10/19/2015,Wolverine World Wide (WWW) Q3 Earnings: What to Expect?
10/4/2015,Why Wolverine World Wide Inc. Stock Slumped 20% in September
09/28/2015,"Wolverine World Wide, Inc. (WWW) Ex-Dividend Date Scheduled for September 29, 2015"
09/18/2015,"Technology Sector Update for 09/18/2015: WWW, ZAYO, BWEN"
09/2/2015,"Nike, Inc. (NKE) Ex-Dividend Date Scheduled for September 03, 2015"
08/24/2015,RSI Alert: Wolverine World Wide (WWW) Now Oversold
07/22/2015,Wolverine (WWW) Beats on Q2 Earnings & Revenue Estimates - Analyst Blog
07/17/2015,Will Wolverine (WWW) Miss Q2 Earnings on Strong Dollar? - Analyst Blog
07/10/2015,Crystal Slippers To Air Jordans: Shoes Still A Smart Buy
06/26/2015,"Wolverine World Wide, Inc. (WWW) Ex-Dividend Date Scheduled for June 29, 2015"
05/29/2015,Deckers' Q4 Earnings Top Estimates; Projects Wider Q1 Loss - Analyst Blog
05/27/2015,"Nike, Inc. (NKE) Ex-Dividend Date Scheduled for May 28, 2015"
04/28/2015,Why Shares of Wolverine World Wide Inc. Slumped Today
04/27/2015,Is Wolverine (WWW) Likely to Miss Q1 Earnings Estimates? - Analyst Blog
04/20/2015,Stock of the Week: Wolverine Worldwide (WWW)
03/27/2015,"Wolverine World Wide, Inc. (WWW) Ex-Dividend Date Scheduled for March 30, 2015"
03/23/2015,WWW May 15th Options Begin Trading
02/25/2015,"Nike, Inc. (NKE) Ex-Dividend Date Scheduled for February 26, 2015"
02/24/2015,"Rocky Brands, Inc. (RCKY) Ex-Dividend Date Scheduled for February 25, 2015"
02/18/2015,"Wolverine Q4 Earnings in Line, Revenues Beat Estimates - Analyst Blog"
02/18/2015,"Consumer Sector Update for 02/18/2015: WWW, SBGI, DXYN"
02/13/2015,"Pre-Market Earnings Report for February 17, 2015 : MDT, WM, GPC, MGM, NCLH, GT, LECO, WRI, AGIO, WWW, NHI, ALE"
01/30/2015,"Deckers Crashes on Q3 Earnings & Revenue Miss, Cuts View - Analyst Blog"
01/13/2015,"Consumer Sector Update for 01/13/2015: BEBE, HEAR, WWW"
01/13/2015,Shares of Wolverine Fall on Management's Cautious Outlook - Analyst Blog
01/2/2015,Will Nike's Robust Brands & Financials Drive It Higher? - Analyst Blog
12/29/2014,"Wolverine World Wide, Inc. (WWW) Ex-Dividend Date Scheduled for December 30, 2014"
07/14/2014,Will Wolverine (WWW) Surprise this Earnings Season? - Analyst Blog
07/14/2014,"Pre-Market Earnings Report for July 15, 2014 : JNJ, JPM, GS, CMA, JBHT, CBSH, WWW"
06/26/2014,"Wolverine World Wide, Inc. (WWW) Ex-Dividend Date Scheduled for June 27, 2014"
06/17/2014,Wolverine Reshuffles Top Management to Fuel Growth - Analyst Blog
05/28/2014,"Nike, Inc. (NKE) Ex-Dividend Date Scheduled for May 29, 2014"
05/13/2014,Is Skechers Part of Your Porfolio? - Analyst Blog
05/13/2014,Upgraded Research Report on Deckers - Analyst Blog
04/30/2014,"Wolverine Q1 Earnings Beat, Outlook Reiterated - Analyst Blog"
04/29/2014,Consumer Stocks Broadly Mixed in Late Trade; Wolverine Worldwide Up 8% Following Q1 Results
04/29/2014,Sector Update: Consumer
04/28/2014,Will Wolverine (WWW) Miss Earnings Estimates? - Analyst Blog
04/17/2014,Nike Extends Partnership with USATF - Analyst Blog
03/27/2014,"Wolverine World Wide, Inc. (WWW) Ex-Dividend Date Scheduled for March 28, 2014"
03/19/2014,"Brown Shoe Company, Inc. (BWS) Ex-Dividend Date Scheduled for March 20, 2014"
03/14/2014,Is Wolverine World Wide (WWW) Ready to Breakout? - Tale of the Tape
02/26/2014,"Nike, Inc. (NKE) Ex-Dividend Date Scheduled for February 27, 2014"
02/25/2014,"Rocky Brands, Inc. (RCKY) Ex-Dividend Date Scheduled for February 26, 2014"
02/19/2014,"Wolverine Earnings Beat, Revs Down - Analyst Blog"
02/18/2014,"Earnings Reaction History: Wolverine World Wide Inc., 33.3% Follow-Through Indicator, 2.9% Sensitive"
02/14/2014,"Pre-Market Earnings Report for February 18, 2014 : KO, MDT, DUK, WM, GPC, NI, NCLH, XRAY, WWW, CHH, HTA, NHI"
02/13/2014,Wolverine Makes Shareholder-Friendly Moves - Analyst Blog
01/6/2014,Wolverine Upped to Strong Buy - Analyst Blog
12/31/2013,Gannet Surges to a New High - Analyst Blog
12/31/2013,Tiffany Looks Promising - Analyst Blog
12/18/2013,"Brown Shoe Company, Inc. (BWS) Ex-Dividend Date Scheduled for December 19, 2013"
12/11/2013,"Nike, Inc. (NKE) Ex-Dividend Date Scheduled for December 12, 2013"
11/25/2013,"Rocky Brands, Inc. (RCKY) Ex-Dividend Date Scheduled for November 26, 2013"
11/13/2013,"R.G. Barry Corporation (DFZ) Ex-Dividend Date Scheduled for November 14, 2013"
10/9/2013,Wolverine Posts Robust Q3 Earnings - Analyst Blog
10/9/2013,"Company news for October 9, 2013 - Corporate Summary"
10/8/2013,Mid-Day Market Update: Nasdaq Tumbles 1.7%; J.C. Penney Shares Gain
10/8/2013,Trade the Earnings: Wolverine World Wide Inc.
10/7/2013,Will Wolverine (WWW) Beat Earnings? - Analyst Blog
10/7/2013,"Pre-Market Earnings Report for October 8, 2013 : WWW, PLUG"
10/1/2013,New Stock Coverage: E.T. Phone Home? No -- T.I. Call Rome!
09/26/2013,"Wolverine World Wide, Inc. (WWW) Ex-Dividend Date Scheduled for September 27, 2013"
09/17/2013,"Brown Shoe Company, Inc. (BWS) Ex-Dividend Date Scheduled for September 18, 2013"
09/12/2013,"R.G. Barry Corporation (DFZ) Ex-Dividend Date Scheduled for September 13, 2013"
08/28/2013,"Nike, Inc. (NKE) Ex-Dividend Date Scheduled for August 29, 2013"
08/26/2013,"New Stock Coverage: Hush Puppies Owner Wolverine World Wide, Inc. Making Money Talk"
08/22/2013,"Rocky Brands, Inc. (RCKY) Ex-Dividend Date Scheduled for August 23, 2013"
08/6/2013,Skechers Upgraded to Outperform - Analyst Blog
07/31/2013,Staples Upgraded to Strong Buy - Analyst Blog
07/26/2013,"Under Armour's Q2 Earnings Beat, Guides High - Analyst Blog"
07/26/2013,Deckers' Posts Narrower-than-Expected Q2 Loss - Analyst Blog
07/26/2013,Leggett Posts in Line Earnings - Analyst Blog
07/25/2013,Skechers Reports Strong 2Q Earnings - Analyst Blog
07/19/2013,Central Garden Retained at Neutral - Analyst Blog
07/11/2013,Wolverine Upgraded to Strong Buy - Analyst Blog
07/10/2013,"Company News for July 10, 2013 - Corporate Summary"
07/10/2013,Wolverine Posts Strong 2Q Earnings - Analyst Blog
07/9/2013,"Benzinga Market Primer: Tuesday, July 9: China Inflation Better Than Expected"
07/8/2013,Will Wolverine's 2Q Earnings Beat? - Analyst Blog
07/8/2013,"EU Finance Ministers Approve Greek Aid Tranche, US Markets Tread Water"
07/8/2013,"Pre-Market Earnings Report for July 9, 2013 : WWW, HITK, PENX"
07/1/2013,Wolverine Hits New 52-Week High - Analyst Blog
06/26/2013,"Wolverine World Wide, Inc. (WWW) Ex-Dividend Date Scheduled for June 27, 2013"
06/12/2013,"Brown Shoe Company, Inc. (BWS) Ex-Dividend Date Scheduled for June 13, 2013"
05/29/2013,"Nike, Inc. (NKE) Ex-Dividend Date Scheduled for May 30, 2013"
05/22/2013,"Rocky Brands, Inc. (RCKY) Ex-Dividend Date Scheduled for May 23, 2013"
05/17/2013,Small Is Beautiful: Now's the Time for Growth-Oriented Investors to Move Into Small-Cap Stocks
05/15/2013,"R.G. Barry Corporation (DFZ) Ex-Dividend Date Scheduled for May 16, 2013"
05/6/2013,GameStop Crafts 52-Week High - Analyst Blog
04/15/2013,What's in Store for Wolverine this Earnings? - Analyst Blog
04/15/2013,"Pre-Market Earnings Report for April 16, 2013 : JNJ, KO, GS, USB, BLK, GWW, NTRS, AMTD, CMA, WWW, MBWM"
03/26/2013,"Wolverine World Wide, Inc. (WWW) Ex-Dividend Date Scheduled for March 27, 2013"
03/19/2013,"Brown Shoe Company, Inc. (BWS) Ex-Dividend Date Scheduled for March 21, 2013"
03/1/2013,"Deckers Beats on EPS, Down Y/Y - Analyst Blog"
02/20/2013,Wolverine Posts Robust 4Q - Analyst Blog
12/26/2012,"Wolverine World Wide, Inc. (WWW) Ex-Dividend Date Scheduled for December 28, 2012"
12/13/2012,"Brown Shoe Company, Inc. (BWS) Ex-Dividend Date Scheduled for December 17, 2012"
12/10/2012,"R.G. Barry Corporation (DFZ) Ex-Dividend Date Scheduled for December 12, 2012"
12/4/2012,"Nike, Inc. (NKE) Ex-Dividend Date Scheduled for December 06, 2012"
11/19/2012,Deckers Upgraded to Neutral - Analyst Blog
10/22/2012,"Bearish MACD for Wolverine World Wide, Inc. - Tale of the Tape"
10/17/2012,Europe Dents Wolverine's 3Q - Analyst Blog
10/15/2012,Earnings Preview: Wolverine - Analyst Blog
10/10/2012,Wolverine Buys PLG Group - Analyst Blog
10/3/2012,Bearish Stance on Deckers - Analyst Blog
09/28/2012,Wolverine Prices its Senior Notes - Analyst Blog
09/25/2012,Wolverine Offers Debt - Analyst Blog
07/27/2012,Deckers Posts Narrower Loss - Analyst Blog
07/11/2012,"Wolverine Misses, Maintains Outlook - Analyst Blog"
07/10/2012,"Ahead of Wall Street - July 10, 2012 - Ahead of Wall Street"
07/10/2012,Smidgeon of Good News - Analyst Blog
07/9/2012,Earnings Preview: Wolverine - Analyst Blog
07/9/2012,"Pre-Market Earnings Report for July 10, 2012 : SHAW, WWW, HELE, HITK, PENX, LEDS"
06/19/2012,"Wolverine World Wide, Inc. Enters Oversold Territory - Tale of the Tape"
06/14/2012,Collective Brands Buyout Closes In - Analyst Blog
05/2/2012,Earnings Scorecard: Deckers - Analyst Blog
04/27/2012,"Deckers Misses, Lowers Forecast - Analyst Blog"
04/24/2012,Soft 1Q for Wolverine - Analyst Blog
04/20/2012,Earnings Preview: Wolverine - Analyst Blog
02/7/2012,"LaCrosse's EPS In Line, Sales Down - Analyst Blog"
01/31/2012,"Zacks Bull and Bear of the Day Highlights: UnitedHealth, NII Holdings, Wendy's and Wolverine Worldwide - Press Releases"
01/31/2012,"Wolverine Beats, Profit Dips - Analyst Blog"
01/30/2012,"Ahead of Wall Street - January 30, 2012 - Ahead of Wall Street"
07/12/2011,"Opening View: Anxieties High on Fears of European Contagion, Debt Ceiling"
01/20/2011,15 Consumer Goods Stocks With A Track Record of Raising Dividends
10/5/2010,Opening View: DJIA Futures Rally on Bank of Japan Rate Cut
05/10/2010,"Retail Stock Upgrades, Downgrades (M, KSS, HD, JWN, URBN, RL, GPS)"
